{"model_name": "decision tree", "fpr": [0.0, 5.9445963619070264e-05, 1.0], "tpr": [0.0, 0.9473684210526315, 1.0], "roc_auc": 0.9736544875445062}